<?xml version="1.0" encoding="UTF-8" standalone="no"?>
<replay>
    <move potez="1">
        <tocniKrugovi>RRRR</tocniKrugovi>
        <tocnaPozicija>0</tocnaPozicija>
        <tocnaBoja>0</tocnaBoja>
        <currentGuess>BBBB</currentGuess>
    </move>
    <move potez="2">
        <tocniKrugovi>RRRR</tocniKrugovi>
        <tocnaPozicija>0</tocnaPozicija>
        <tocnaBoja>0</tocnaBoja>
        <currentGuess>GGOO</currentGuess>
    </move>
    <move potez="3">
        <tocniKrugovi>RRRR</tocniKrugovi>
        <tocnaPozicija>2</tocnaPozicija>
        <tocnaBoja>2</tocnaBoja>
        <currentGuess>RRGG</currentGuess>
    </move>
</replay>
